collision_year,collision_month,month_name,month_sort,period_label,urban_rural_group,collision_count,severe_collision_count,severe_collision_rate,gold_created_at
2024,1,January,1,January,Rural,2605,682,26.18,2026-10-05T13:36:24.362Z
2024,7,July,7,July,Urban,5350,1204,22.50,2026-10-05T13:36:24.362Z
2024,11,November,11,November,Urban,5982,1262,21.10,2026-10-05T13:36:24.362Z
2024,3,March,3,March,Urban,5162,1131,21.91,2026-10-05T13:36:24.362Z
2024,1,January,1,January,Unknown,1,0,0.00,2026-10-05T13:36:24.362Z
2024,8,August,8,August,Unknown,1,0,0.00,2026-10-05T13:36:24.362Z
2024,12,December,12,December,Rural,2523,725,28.74,2026-10-05T13:36:24.362Z
2024,2,February,2,February,Urban,5074,1101,21.70,2026-10-05T13:36:24.362Z
2024,6,June,6,June,Urban,5820,1300,22.34,2026-10-05T13:36:24.362Z
2024,12,December,12,December,Urban,5376,1225,22.79,2026-10-05T13:36:24.362Z
2024,2,February,2,February,Rural,2320,644,27.76,2026-10-05T13:36:24.362Z
2024,1,January,1,January,Urban,5547,1250,22.53,2026-10-05T13:36:24.362Z
2024,5,May,5,May,Urban,5835,1297,22.23,2026-10-05T13:36:24.362Z
2024,7,July,7,July,Unknown,1,0,0.00,2026-10-05T13:36:24.362Z
2024,4,April,4,April,Urban,5028,1122,22.32,2026-10-05T13:36:24.362Z
2024,4,April,4,April,Rural,2465,742,30.10,2026-10-05T13:36:24.362Z
2024,10,October,10,October,Rural,2922,829,28.37,2026-10-05T13:36:24.362Z
2024,5,May,5,May,Rural,2962,925,31.23,2026-10-05T13:36:24.362Z
2024,9,September,9,September,Urban,5803,1325,22.83,2026-10-05T13:36:24.362Z
2024,3,March,3,March,Rural,2495,689,27.62,2026-10-05T13:36:24.362Z
2024,6,June,6,June,Rural,3045,986,32.38,2026-10-05T13:36:24.362Z
2024,8,August,8,August,Urban,5010,1247,24.89,2026-10-05T13:36:24.362Z
2024,11,November,11,November,Rural,2754,749,27.20,2026-10-05T13:36:24.362Z
2024,9,September,9,September,Rural,2861,829,28.98,2026-10-05T13:36:24.362Z
2024,7,July,7,July,Rural,3001,919,30.62,2026-10-05T13:36:24.362Z
2024,10,October,10,October,Urban,5973,1298,21.73,2026-10-05T13:36:24.362Z
2024,8,August,8,August,Rural,3031,996,32.86,2026-10-05T13:36:24.362Z
