collision_year,propulsion_code,propulsion_type_name,vehicle_count,gold_created_at
2024,1,Propulsion Code 1,69575,2026-10-05T13:51:47.508Z
2024,6,Propulsion Code 6,3,2026-10-05T13:51:47.508Z
2024,5,Propulsion Code 5,80,2026-10-05T13:51:47.508Z
2024,2,Propulsion Code 2,47150,2026-10-05T13:51:47.508Z
2024,8,Propulsion Code 8,10525,2026-10-05T13:51:47.508Z
2024,-1,Propulsion Code -1,49980,2026-10-05T13:51:47.508Z
2024,12,Propulsion Code 12,343,2026-10-05T13:51:47.508Z
2024,3,Propulsion Code 3,3919,2026-10-05T13:51:47.508Z
2024,7,Propulsion Code 7,80,2026-10-05T13:51:47.508Z
