collision_year,casualty_age_group,casualty_severity,casualty_severity_name,casualty_count,gold_created_at
2024,Under 18,3,Slight,14310,2026-10-05T13:50:01.759Z
2024,18-30,8,Code 8 - Not mapped,134,2026-10-05T13:50:01.759Z
2024,18-30,1,Fatal,353,2026-10-05T13:50:01.759Z
2024,31-50,2,Serious,6972,2026-10-05T13:50:01.759Z
2024,31-50,1,Fatal,389,2026-10-05T13:50:01.759Z
2024,51-70,8,Code 8 - Not mapped,95,2026-10-05T13:50:01.759Z
2024,71+,8,Code 8 - Not mapped,39,2026-10-05T13:50:01.759Z
2024,51-70,3,Slight,17976,2026-10-05T13:50:01.759Z
2024,Under 18,2,Serious,3390,2026-10-05T13:50:01.759Z
2024,18-30,3,Slight,27518,2026-10-05T13:50:01.759Z
2024,18-30,2,Serious,6722,2026-10-05T13:50:01.759Z
2024,51-70,2,Serious,5598,2026-10-05T13:50:01.759Z
2024,Under 18,1,Fatal,88,2026-10-05T13:50:01.759Z
2024,71+,1,Fatal,323,2026-10-05T13:50:01.759Z
2024,31-50,3,Slight,31583,2026-10-05T13:50:01.759Z
2024,71+,2,Serious,2621,2026-10-05T13:50:01.759Z
2024,31-50,8,Code 8 - Not mapped,152,2026-10-05T13:50:01.759Z
2024,Under 18,8,Code 8 - Not mapped,75,2026-10-05T13:50:01.759Z
2024,71+,3,Slight,6076,2026-10-05T13:50:01.759Z
2024,51-70,1,Fatal,403,2026-10-05T13:50:01.759Z
